Name,PhoneNum,Email
Miller Properties,842-549-5982,aodougherty0@sina.com.cn
Three Sixty,733-362-8648,thaward1@arizona.edu
EKIM Properties,241-145-4890,rweatherup2@google.ru
Off-Campus La Crosse LLC,778-264-9682,rleeman3@dailymail.co.uk
Mickelson Properties,919-383-6028,zchill4@usnews.com
B.Sawyer Properties,849-478-6800,dthrasher5@prnewswire.com
Clarkin Properties,967-102-1022,elomas6@livejournal.com
Gerrard Properties,638-213-3076,dtrudgion7@typepad.com
Baumgartner Properties,311-424-2846,lranby8@com.com
MQuick Properties,294-887-1330,mkenrat9@comsenz.com
Dillaber Properties,272-967-3061,lmacbeana@forbes.com
Biondo Properties,294-961-0183,mcuddehyb@imdb.com
Cappuccio Rentals,116-957-2080,bbevillec@washington.edu
AptsLax LLC,290-285-4137,ldefranciscid@ucoz.com
Wise Properties,563-898-2314,hhenkense@mapquest.com
Favre Retnals,585-991-8985,dcuttsf@e-recht24.de
Gander Rentals,729-487-1424,ngawkrogeg@rediff.com
Classic Housing LLC,465-612-5222,ebeaginh@soundcloud.com
JCH Rentals,178-784-0304,lshoutei@mac.com
JAMAR Properties,516-496-8974,cgrinikhinj@drupal.org
RK&D Properties,679-365-2597,cclyburnk@constantcontact.com
Hilton Properties,338-608-3950,hhutcheonsl@nps.gov
Resurrection Rentals,623-509-2898,bworboysm@about.com
608 Properties,394-283-6531,rgeesonn@theglobeandmail.com
Benson Properties,202-146-5843,okirdscho@altervista.org
Lesniewski LLC,168-301-6182,ztwiggp@pagesperso-orange.fr
Legends Living,331-554-9262,asenyardq@columbia.edu
JCR Properties,957-101-9028,lmaymanr@msn.com
Wrobel Rentals,962-178-5937,gwynetts@yelp.com
Karbin Properties,558-828-8259,omahodyt@woothemes.com
DBB Properties,248-263-9125,svernhamu@slideshare.net
Hougom Properties,353-112-2967,ucorintonv@meetup.com
G&N Properties,960-687-6810,cpiscopellow@etsy.com
Wedgewood Commons,122-781-2156,gelsonx@boston.com
Alkar Apartments,434-864-0007,otingleyy@google.com.br
MackHighland Properties,366-720-1047,mkennfordz@reddit.com
McKeogh Properties,958-326-3835,lbrickwood10@accuweather.com
JTH Homes,332-393-9056,csauvan11@wiley.com
Buchner Properties,144-640-9126,kprice12@cdbaby.com
Pedace Properties,838-105-9876,nrehme13@ezinearticles.com
Coleman Properties,780-255-6674,mskirrow14@spiegel.de
Munson Realty,708-161-3881,uchismon15@last.fm
Weis Rentals,534-845-8036,irouch16@va.gov
MAT Properties,755-955-0333,kmasse17@eepurl.com
HNT Properties,378-132-5560,bmcvanamy18@bizjournals.com
Casey Properties,299-202-9020,gblankett19@theglobeandmail.com
