SSN,FName,MName,LName,Budget,PhoneNum,Email,BirthDate
102-21-2769,Hadleigh,Wiatt,Linskey,483.89,108-275-3210,wlinskeybd@skype.com,2005-04-02
107-30-7952,Theo,Mead,Irnys,1958.42,330-468-4685,mirnyshj@weebly.com,2004-10-05
109-83-5734,Taber,Kerry,Campsall,1038.58,599-170-9779,kcampsall6t@spiegel.de,2003-03-01
114-37-4078,Gale,Spencer,Proudlock,4752.27,797-141-5305,sproudlock4q@spiegel.de,2000-09-19
114-49-9125,Philbert,Silvio,Errichiello,1089.41,787-596-3534,serrichiellod6@reverbnation.com,2003-06-25
117-90-1792,Laverna,Marcel,Bowler,3183.25,759-342-1220,mbowlerdd@storify.com,2006-12-16
118-11-6828,Pearl,Massimiliano,Garford,677.64,553-243-3393,mgarfordj6@ucoz.com,2001-02-16
119-69-2949,Claudianus,Rasla,Bonnet,2486.2,777-608-7287,rbonnetm@boston.com,2006-06-15
122-57-4988,Fernando,Ami,Bockler,4042.83,172-622-3978,abocklerfs@theatlantic.com,2006-06-17
124-34-0168,Ludvig,Bernadette,Hadwin,4416.05,314-825-8303,bhadwin31@skype.com,2001-10-31
126-84-6534,Dorri,Larine,O'Doran,2622.62,608-297-1928,lodoran50@nyu.edu,2002-12-09
138-30-6150,Lindon,Julita,Hobden,3398.18,618-100-4451,jhobdenef@linkedin.com,2004-05-27
138-97-8456,Marcellus,Kris,Espinel,4240.38,242-194-7664,kespineliz@amazon.de,2002-10-11
142-64-6293,Gilles,Nannette,MacNally,3385.87,588-556-0397,nmacnallycv@tripadvisor.com,2005-07-13
145-43-0568,Sarina,Joelly,Gavin,1662.13,950-222-2137,jgavine@netvibes.com,2002-02-09
145-68-2585,Windham,Joycelin,Arnholz,2017.47,572-114-1109,jarnholz5x@google.com.br,2006-06-29
146-12-2152,Kamillah,Shurlocke,Illesley,1223.54,728-471-6380,sillesleyc@ustream.tv,2001-05-05
148-09-9817,Clementia,Bastien,Perch,4959.95,938-538-4896,bperch5f@cpanel.net,2003-05-07
149-02-2369,Prue,Athene,Banister,4993.52,907-840-4248,abanister9h@soup.io,2004-01-19
149-33-7325,Katrine,Tabina,Morin,4618.37,951-369-0126,tmorin90@seesaa.net,2002-11-06
150-05-8886,Wylma,Franni,Hordle,1376.12,225-295-7054,fhordle9p@privacy.gov.au,2001-10-15
150-34-5368,Elonore,Kirk,Strang,3626.87,873-236-8024,kstrang82@blog.com,2003-11-17
150-36-1020,Orazio,Berri,Liddel,1806.18,747-687-4284,bliddel2n@unesco.org,2004-06-07
150-68-8183,Nancy,Ryun,Thomason,3683.92,882-519-5624,rthomasonh1@constantcontact.com,2004-08-20
151-65-4723,Prisca,Hannah,Piscopo,4880.99,815-261-3080,hpiscopoc6@bigcartel.com,2003-10-06
155-63-7919,Del,Tirrell,Liddiatt,883.92,251-783-7758,tliddiatti2@amazon.com,2001-05-04
161-78-6895,Leland,Darrin,Allflatt,2348.82,634-681-6067,dallflattb7@miitbeian.gov.cn,2006-07-05
162-80-6401,Abbey,Libbie,Dimitriou,4677.24,988-995-6286,ldimitriou7h@arstechnica.com,2000-03-28
165-72-5291,Letitia,May,Drever,2427.71,969-508-2000,mdreverdf@addthis.com,2003-04-07
166-94-8801,Charline,Floris,Costar,2655.42,647-142-5680,fcostarab@prweb.com,2004-08-15
180-52-1335,Darice,Graehme,Worboys,3512.82,577-369-7003,gworboys8b@usa.gov,2001-04-28
181-46-9533,Winny,Raphael,Vellacott,4033.11,929-586-3855,rvellacott9q@geocities.jp,2005-03-30
184-11-9223,Onofredo,Nestor,Blaydon,1363.15,355-873-2915,nblaydonim@unesco.org,2004-01-02
186-42-2445,Brandise,Monte,Sedge,2231.83,314-360-9783,msedge1z@ehow.com,2001-06-23
192-83-5921,Lizabeth,Kienan,Inchbald,4961.97,729-652-3619,kinchbald4l@godaddy.com,2002-09-06
193-58-0588,Maggy,Vasilis,Drewett,1628.38,569-522-6044,vdrewett14@techcrunch.com,2005-09-19
194-75-8732,Berk,Andria,Lossman,500.02,308-126-3301,alossmanfl@ebay.com,2002-10-20
196-35-8461,Susann,Otis,Caiger,946.34,663-418-1681,ocaigerg4@usnews.com,2006-06-24
197-64-4275,Husein,Griselda,Trank,4232.18,713-577-6895,gtrankbk@cam.ac.uk,2002-11-17
198-48-6259,Jacklyn,Annaliese,McTurk,1814.75,555-559-4261,amcturkgq@gravatar.com,2002-10-22
199-01-5031,Brigid,Ruy,Harpur,3849.14,853-350-1474,rharpurcr@cargocollective.com,2001-01-22
199-39-1778,Jecho,Nappy,Landman,2862.83,851-460-8520,nlandman69@angelfire.com,2006-02-24
203-65-4474,Gordan,Elenore,Smillie,697.59,509-131-9538,esmillie8j@wikispaces.com,2002-06-30
209-56-0694,Rudolph,Reba,Gantzman,1562.66,683-382-7053,rgantzman24@xing.com,2003-07-08
211-47-1575,Aura,Jobey,Allcorn,3513.73,551-121-7489,jallcorne4@intel.com,2003-02-11
214-89-8069,Wynn,Tanny,Mottini,2127.11,594-235-8205,tmottini1s@bing.com,2003-06-05
220-22-1822,Devora,Delia,Dreher,2411.51,645-487-6238,ddreher9n@etsy.com,2002-04-11
223-06-8910,Claudianus,Mason,Fowgies,1239.46,413-376-3653,mfowgiesc4@unesco.org,2006-03-27
225-02-8404,Ignatius,Grannie,Stennet,4041.41,662-789-9788,gstenneta8@tinyurl.com,2004-12-19
227-20-8520,Carrol,Brittani,Jeffcoat,4108.92,465-810-4530,bjeffcoath8@vinaora.com,2001-01-02
228-70-7419,Lyndel,Mason,Juzek,451.71,687-459-6806,mjuzekhz@mayoclinic.com,2005-08-06
229-67-9127,Mollee,Elisabet,Gollard,577.77,209-639-3545,egollard77@studiopress.com,2006-12-11
230-26-3842,Godart,Christine,Dunnet,546.73,929-147-5357,cdunnetez@zimbio.com,2006-05-02
230-51-0703,Wilbert,Zolly,Sherel,3120.7,494-212-7012,zsherelbs@dyndns.org,2003-02-09
233-67-5078,Cole,Tuesday,Tampion,1387.13,261-536-3268,ttampion6m@mozilla.com,2002-09-16
234-22-3530,Geoffry,Yelena,Towll,2028.13,540-880-0845,ytowlldg@uol.com.br,2005-11-04
234-64-3817,Dwain,Minda,Shewan,2351.41,825-821-7739,mshewan17@geocities.jp,2002-10-22
237-01-1231,Filippa,Efrem,Lemasney,4535.36,115-154-7886,elemasney2@hostgator.com,2001-01-30
238-24-6045,Corny,Kennie,Stennet,4862.97,780-935-4344,kstennet9u@fotki.com,2000-07-01
238-35-1996,Giffie,Nat,David,2596.59,421-502-8605,ndavid7p@yandex.ru,2005-10-08
241-22-9678,Wadsworth,Kippie,Guice,4209.92,884-615-3435,kguicei1@noaa.gov,2005-11-01
246-54-3000,Forest,Sascha,Realph,4074.98,757-806-4705,srealph1v@answers.com,2001-10-26
249-14-2033,Monti,Sabrina,Keat,4019.87,364-158-5535,skeatga@squarespace.com,2006-01-09
251-63-2755,Kalinda,Toddy,Wooder,4221.65,388-493-8865,twooder5@twitter.com,2000-02-14
254-60-7501,Paco,Ketty,Muzzall,2695.8,857-574-8813,kmuzzalli6@cargocollective.com,2002-05-31
255-86-5253,Charlotte,Valentina,Down,584.01,874-279-4555,vdown9f@woothemes.com,2005-07-18
258-25-8722,Rey,Dulci,Rickman,3977.76,563-604-0074,drickman3f@mozilla.org,2004-01-01
261-36-5456,Izaak,Kandy,Fairholme,2851.27,231-385-6689,kfairholmeei@gov.uk,2004-10-27
264-99-9336,Timofei,Rodie,Slayton,2761.83,610-679-8220,rslayton72@yahoo.co.jp,2004-02-07
269-54-7953,Alfreda,Maurise,Clapison,2307.11,870-486-1259,mclapisonhb@java.com,2006-09-15
270-61-7003,Thibaut,Rollin,Paridge,4933.06,459-528-1885,rparidge73@nasa.gov,2003-01-01
272-90-1486,Deni,Jemmie,Aishford,2945.66,421-636-6292,jaishford85@bandcamp.com,2004-03-21
279-36-6015,Hadria,Ronald,Elies,988.62,701-878-9185,relies4e@telegraph.co.uk,2000-11-24
281-43-9492,Paolo,Fayette,Ecclestone,2640,844-793-0611,fecclestone3d@google.es,2004-08-12
281-74-1788,Roger,Renae,Mitchelson,3033.88,503-580-2221,rmitchelson2p@google.nl,2001-06-01
282-50-0262,Elana,Corrie,Daud,2686.85,441-235-1223,cdaudbq@networksolutions.com,2000-06-10
283-66-5571,Agustin,Beckie,Russan,4313.14,627-419-6705,brussana2@amazon.de,2006-10-14
287-99-1835,Cello,Guglielma,Jessen,1970.37,158-258-7270,gjessend8@epa.gov,2003-01-04
290-81-4130,Cordy,Irv,Allsupp,2722.59,658-930-3374,iallsuppay@github.io,2004-12-24
294-06-1507,Judah,Theodore,Cheatle,1734.02,411-540-2525,tcheatleb8@ebay.com,2002-05-02
305-73-0653,Neale,Kial,Priddey,622.43,347-748-1200,kpriddey8l@rakuten.co.jp,2002-04-28
307-96-8841,Patsy,Daria,Isacsson,457.83,992-954-8611,disacssonz@baidu.com,2003-06-19
310-08-4779,Bobby,Alford,Lammenga,530.38,853-929-4366,alammengacg@soundcloud.com,2000-04-20
310-40-3933,Sonya,Rolando,Stickels,4523.58,161-106-1836,rstickelshy@un.org,2003-08-18
314-93-7029,Arel,Norean,Chilvers,2366.67,723-451-4675,nchilversgy@fastcompany.com,2005-11-23
315-42-3268,Maire,Farrell,Battershall,1810.51,128-832-3422,fbattershalldl@sakura.ne.jp,2006-04-28
317-10-9778,Emalia,Torie,Flacknoe,657.46,610-274-9566,tflacknoej5@cdc.gov,2001-10-26
317-65-3001,Albertina,Catriona,MacFarland,4675.31,466-216-2300,cmacfarlandfh@lulu.com,2002-04-11
319-39-2002,Edgard,Alyssa,Spoure,3865.2,686-725-9999,aspourehx@eepurl.com,2006-11-18
319-77-6720,Keriann,Barnabas,Sibun,1341.77,916-346-2810,bsibuneq@amazon.co.jp,2004-07-01
325-46-6491,Daffi,Maurise,Hartman,2674.16,473-450-1042,mhartman2t@taobao.com,2002-01-15
325-68-1690,Orlan,Den,Stephens,3046.01,262-394-6834,dstephensck@wp.com,2000-02-12
326-09-8077,Erma,Fidelia,Glisane,4959.04,277-449-4112,fglisane7o@ibm.com,2006-05-19
328-01-7337,Elaine,Noel,Spray,3580.33,380-657-5589,nspraycq@soup.io,2004-07-26
329-08-7133,Daniela,Anders,Borris,1181.16,857-376-8140,aborris8@abc.net.au,2006-11-14
332-33-9248,Catlee,Sarge,Surguine,3039.07,640-293-4824,ssurguine8v@spotify.com,2003-05-08
332-93-5757,Judy,Lilah,Braunston,4698.62,456-691-0902,lbraunston5q@comsenz.com,2001-06-29
333-79-5436,Cirillo,Shaylyn,Tarply,1570.69,491-526-2136,starplygo@netlog.com,2006-11-17
338-90-7573,Maye,Garret,Cuell,488.48,242-733-5379,gcuellcl@wordpress.org,2006-07-14
341-41-4329,Tulley,Sheilakathryn,Gilmour,432.15,806-541-9847,sgilmouret@amazonaws.com,2004-05-24
342-56-4747,Flemming,Tomasina,Chartres,1792.61,960-266-8920,tchartresfr@cam.ac.uk,2002-08-17
346-86-4223,Jodie,Lynde,Henkens,2176.05,307-690-6943,lhenkenscy@amazon.co.uk,2006-11-11
347-43-7404,Amalia,Clerc,Conti,568.66,612-861-6913,ccontij8@multiply.com,2002-10-29
350-25-7190,Sanford,Dorri,Strewthers,3240.12,759-422-5724,dstrewthers7@etsy.com,2001-10-10
352-03-7732,Briny,Berti,Casserley,3157.23,836-897-8458,bcasserley68@vkontakte.ru,2001-12-12
352-78-1392,Dorisa,Alys,Ownsworth,1051.39,776-326-7897,aownsworth18@house.gov,2006-02-22
361-15-5937,Bendicty,Karyl,Hardware,2389.49,807-215-8448,khardware2k@unesco.org,2000-09-11
364-03-1948,Gwennie,Alfreda,Klamman,3537.8,911-955-1916,aklammanco@ow.ly,2000-03-29
368-60-1310,Cornelius,Lorry,MacIlory,1608.37,524-162-2562,lmacilory9d@unblog.fr,2006-03-13
373-62-1497,Athene,Jacinta,Behrend,4827.1,172-289-0337,jbehrenddz@discuz.net,2005-02-09
376-13-2045,Germana,Nerti,Timmes,1900.38,470-749-4595,ntimmesi3@g.co,2002-05-14
379-14-0607,Roz,Therese,Badman,481.89,459-177-6173,tbadman6u@chronoengine.com,2005-04-30
380-92-4243,Nissie,Charleen,Castree,2120.57,889-398-3482,ccastreede@csmonitor.com,2000-08-25
385-48-4387,Benny,Shelden,Kirgan,772.1,971-740-5875,skirgan3t@boston.com,2005-12-08
385-91-1055,Kat,Jennee,Paeckmeyer,3784.38,101-920-9555,jpaeckmeyeriw@foxnews.com,2003-09-07
386-54-3119,Pernell,Jarad,Birnie,2325.59,558-654-7457,jbirnie20@nifty.com,2002-09-03
396-32-2201,Gayleen,Alastair,House,3826.59,600-102-8226,ahouseaf@yelp.com,2000-10-26
397-36-9328,Harlan,Talyah,Ansett,4647.46,681-654-8732,tansettbt@cnet.com,2001-10-28
400-12-5066,Kiley,Jenni,Petracek,2230.8,950-697-0512,jpetracek7m@deviantart.com,2006-02-01
403-36-4676,Clemens,Bethanne,Haffenden,4538.31,490-794-1121,bhaffendenhq@yahoo.co.jp,2004-04-16
404-64-0158,Magda,Barri,Garett,1281.77,622-200-4572,bgarettcb@ca.gov,2003-11-07
406-85-2499,Leroy,Walsh,Maffin,2849.16,924-186-2467,wmaffincj@networkadvertising.org,2001-08-27
407-51-0821,Odele,Kellsie,Butters,535.11,810-887-3502,kbutters52@wufoo.com,2004-06-18
411-04-5850,Rik,Delphinia,Phillis,930.01,828-695-2510,dphillis2y@phpbb.com,2006-02-20
412-96-6528,Lotte,Derwin,Stachini,1139.97,259-634-9567,dstachini30@yelp.com,2004-07-09
415-07-2338,Raynor,Allister,Crackel,736.39,297-818-3794,acrackel3m@freewebs.com,2006-07-22
415-91-4562,Elisha,Jacquetta,Solesbury,681.47,294-106-3229,jsolesburyip@chron.com,2000-08-01
418-81-2448,Lilith,Leigh,Skittrall,3165.08,456-804-7806,lskittrallb2@columbia.edu,2002-05-11
423-13-6973,Emery,Wilmer,Mcwhinney,3262.88,204-645-5213,wmcwhinney2a@vinaora.com,2005-02-03
426-42-9020,Forest,Marcel,Lowson,786.63,307-227-2489,mlowson58@wired.com,2000-07-20
431-05-0195,Ervin,Hortense,Starr,3590.44,873-902-1738,hstarrcn@ucoz.ru,2000-12-08
433-14-8877,Boris,Gloriana,Boliver,1916.45,870-518-9956,gboliver76@go.com,2000-03-03
434-42-3594,Mohammed,Min,MacCracken,3626.89,460-188-2923,mmaccrackengl@fc2.com,2000-06-04
437-06-4953,Koren,Hewet,Ambrogiotti,1696.18,599-344-6674,hambrogiottiib@printfriendly.com,2003-03-12
442-46-8294,Theresita,Pru,Dooler,3847.1,135-965-2483,pdooler7a@skype.com,2000-09-06
443-56-5335,Frederigo,Sheila,Rook,539.14,394-187-5625,srookae@homestead.com,2003-02-05
446-69-5147,Jasmin,Anastassia,Chucks,3189.43,393-689-6231,achucksdk@csmonitor.com,2005-05-18
449-46-9179,Celinka,Vasilis,Magauran,4629.75,395-363-9020,vmagauraniq@mapquest.com,2004-10-29
449-86-1728,Florentia,Seamus,Lory,650.71,785-795-9862,slory3o@gmpg.org,2006-11-06
450-13-8215,Cassaundra,Ethelred,Busen,2539.77,397-664-0079,ebusenbj@ycombinator.com,2006-07-23
455-60-2440,Germaine,Anthe,Jeffress,4058.57,103-713-9937,ajeffressir@mayoclinic.com,2001-08-12
456-96-7675,Darb,Madelon,Fitzer,3397.09,153-230-4900,mfitzerek@earthlink.net,2004-03-28
458-69-8794,Caressa,Thatch,Boote,1814.12,595-857-5275,tboote5m@constantcontact.com,2001-12-06
461-69-4236,Yolanda,Conchita,Millson,2417.83,787-286-9287,cmillson9m@auda.org.au,2004-05-13
470-17-7676,Nellie,Franny,Monson,412.86,995-991-8729,fmonsondi@fastcompany.com,2004-02-08
471-97-4174,Nessa,Meredithe,Tayloe,4252.62,571-275-4063,mtayloe9x@yellowpages.com,2005-01-12
476-77-7551,May,Hilly,Ullyott,2587.01,879-317-0738,hullyotte8@storify.com,2002-12-01
481-92-4889,Horatius,Bonita,Wickendon,1612.17,677-196-8168,bwickendonk@nifty.com,2003-03-05
486-56-2601,Mavra,Reube,Bathoe,3296,126-701-9252,rbathoefb@google.de,2000-10-26
488-76-8617,Nara,Brantley,Duckworth,2336.24,632-919-1721,bduckworthal@163.com,2002-04-06
494-53-6190,Mel,Avivah,Halford,3696.92,368-224-3716,ahalfordgz@ovh.net,2005-05-04
496-03-6392,Hyacinthe,Kennith,Readwing,4161.62,458-982-9177,kreadwingby@ustream.tv,2003-12-01
501-25-4035,Shurwood,Adolf,Ghidotti,3330.65,215-585-9794,aghidotti6d@addtoany.com,2006-03-29
503-14-5353,Chase,Fran,Kimble,2525.64,787-880-7336,fkimbleh9@fastcompany.com,2000-05-11
504-76-5321,Locke,Pierson,Essel,3823.8,934-169-0609,pesseliy@imgur.com,2004-08-20
504-81-6963,Deane,Rowe,Inett,4742.71,723-910-4113,rinett98@weebly.com,2002-04-04
506-60-5684,Saidee,Vincenz,Brandom,3779.11,377-393-1189,vbrandomh7@ovh.net,2002-11-15
508-88-4768,Ephrem,Belia,Petit,1698.48,137-603-2092,bpetitfx@dailymail.co.uk,2002-06-20
509-15-1396,Benito,Silvio,Derwin,4029.75,975-974-1768,sderwin60@zdnet.com,2005-01-15
509-94-6507,Yorke,Silas,Allsopp,1029.12,997-969-3684,sallsopp1y@github.com,2006-04-28
510-58-5659,Drugi,Oralee,Pape,3613.97,717-838-6632,opape26@discuz.net,2005-03-02
510-88-7367,Marcile,Aggy,Manketell,4606.03,371-119-7529,amanketellb6@weibo.com,2005-06-24
524-69-9360,Marney,Danya,Mathewes,2417.13,751-870-7240,dmathewes8p@springer.com,2005-01-03
524-85-8520,Hayley,Florry,Legon,1536.46,377-521-0970,flegone3@gmpg.org,2005-12-18
525-11-9216,Elsbeth,Peder,Warke,2844.16,629-763-1146,pwarke8i@theatlantic.com,2004-05-09
535-37-9200,Stephannie,Patric,Mungin,4466.93,366-694-5799,pmunginin@acquirethisname.com,2004-07-31
536-18-1108,Adorne,Garv,Bentley,3879.1,463-371-0369,gbentleyed@cnbc.com,2006-07-22
537-42-3372,Robin,Adrian,Victor,1669.19,665-230-7015,avictorce@exblog.jp,2002-04-21
541-35-5614,Jeniffer,Millie,Senchenko,3078.65,968-587-9873,msenchenkoee@apache.org,2005-08-07
541-94-2109,Tera,Erna,Cisec,4049.66,420-516-4370,ecisec63@soundcloud.com,2006-03-01
549-90-9877,Lenci,Geoffry,Caudle,4971.85,813-940-9718,gcaudle4k@cdc.gov,2002-05-31
550-69-1544,Cletis,Timothy,Van Der Straaten,2267.32,915-642-5518,tvanderstraatenht@list-manage.com,2005-05-10
551-08-7731,Jenna,Eldin,Belhome,961.85,771-379-8350,ebelhome89@skyrock.com,2006-01-13
552-68-7642,Harwilll,Hercules,McGeechan,2198.66,263-794-4265,hmcgeechanc8@hatena.ne.jp,2003-07-22
554-68-9325,Tedda,Maggee,Kupisz,1277.95,885-358-3651,mkupisz1g@lulu.com,2004-10-26
556-11-7414,Marnia,Mallory,MacAllaster,1958.29,875-317-2357,mmacallaster2o@wikia.com,2003-06-13
561-42-6461,Lazarus,Wyatan,Hurt,746.45,557-165-2134,whurtfd@histats.com,2006-10-22
562-07-2834,Kriste,Rudolf,Mirralls,2124.63,808-700-9174,rmirralls6v@usa.gov,2002-07-02
562-76-2549,Lilah,Demeter,Swyndley,2883.85,743-756-5560,dswyndleygs@ebay.co.uk,2005-05-23
562-96-3214,Coralie,Prent,Clemenceau,4572.34,687-891-7893,pclemenceau3i@cdbaby.com,2005-06-24
564-37-2071,Colver,Paule,Pedwell,3465.26,140-998-1540,ppedwellcu@msu.edu,2005-06-17
566-07-8683,Richie,Reggis,Lockie,3786.81,210-425-6255,rlockiec1@apple.com,2001-09-02
566-63-8968,Chane,Benni,Mansfield,1675.96,126-668-0959,bmansfield28@mlb.com,2004-06-20
567-03-9409,Bradan,Kerrie,Borrel,1631.31,228-521-3023,kborrelaw@who.int,2001-04-04
579-62-9617,Lori,Marchall,Margach,915.32,632-680-1158,mmargach4b@infoseek.co.jp,2005-05-18
580-75-0858,Flemming,Nichol,Strasse,1145.34,245-858-5082,nstrasseje@princeton.edu,2005-01-13
585-16-4008,Kelcy,Parsifal,Deason,870.25,742-211-8574,pdeasonit@reuters.com,2006-07-13
585-28-1023,Nedda,Cherice,Currin,2577.07,660-143-7334,ccurrin1e@hugedomains.com,2001-08-20
587-95-6262,Katrinka,Ramonda,Baline,4468.03,123-742-3257,rbalinegt@bloomberg.com,2005-06-05
588-27-0369,Karia,Hilde,Bondesen,4724.18,810-127-8636,hbondesenhs@toplist.cz,2006-02-12
588-29-3713,Gordie,Celisse,Goozee,1566.6,377-796-3773,cgoozee53@blogspot.com,2002-08-15
589-24-1102,Brynn,Bevon,Dominguez,3281.03,856-218-6600,bdominguezh0@usgs.gov,2005-07-17
594-18-3849,Nickola,Lukas,Commander,591.39,793-624-1404,lcommander99@ameblo.jp,2002-08-08
598-01-1546,Dav,Micheal,Eckersall,4726.17,502-666-6729,meckersallh5@google.cn,2002-10-17
599-17-7362,Jen,Barry,Wisedale,940.85,239-569-9213,bwisedale32@paypal.com,2003-12-27
599-64-3665,Emilie,Carlos,Sleight,1398.16,693-166-0402,csleightba@addtoany.com,2006-08-02
600-16-5620,Janifer,Alina,Gherardi,4926.07,978-242-9394,agherardii@mail.ru,2004-12-17
600-33-5276,Lauralee,Hymie,Kingscote,4949.4,162-951-3215,hkingscote8q@scribd.com,1999-12-31
605-16-8499,Marylinda,Elwyn,Bohling,2136.13,420-321-1272,ebohling3x@alexa.com,2002-06-04
605-68-8809,Krissie,Meridith,Abramowitch,1108.21,258-585-1885,mabramowitch9s@intel.com,2000-03-30
606-37-1708,Clotilda,Shaine,Osmar,3322.5,286-761-6041,sosmar9c@statcounter.com,2000-11-15
607-13-4945,Hortense,Erin,Cass,3631.14,250-222-3818,ecass8h@mapy.cz,2005-10-09
623-88-8814,Vicki,Elinore,Torrance,4943.28,244-115-9905,etorrancehe@imageshack.us,2002-07-17
625-98-0304,Elise,Muffin,Makiver,3248.61,515-774-2953,mmakiver3c@shinystat.com,2000-07-02
627-92-1688,Kristal,Bernetta,Terrill,4683.67,844-363-9030,bterrillhm@posterous.com,2006-12-23
628-22-7942,Dannie,Ebony,Danilovitch,3792.28,168-845-0388,edanilovitchfe@weibo.com,2004-02-29
633-65-3226,Philipa,Levy,Arrowsmith,1966.91,418-806-9362,larrowsmitha0@cmu.edu,2002-10-30
633-99-5439,Holly,Ambrosi,Keir,1682.78,810-547-6585,akeir5l@zdnet.com,2004-05-06
638-24-9399,Ada,Byrom,Tremoille,4349.16,789-429-6360,btremoillefo@ted.com,2005-01-12
648-89-2793,Grady,Davy,Cradoc,4473.22,428-168-1492,dcradocam@topsy.com,2001-10-17
650-33-2924,Mitchell,Jorge,Joist,4161.69,620-779-9006,jjoistf5@deviantart.com,2000-07-17
651-07-1567,Trudie,Libbi,Thecham,1687.05,407-378-9502,lthechamhn@acquirethisname.com,2005-05-16
652-89-8069,Lena,Ashil,Birkwood,4409.75,856-917-8773,abirkwood5p@sina.com.cn,2006-01-11
655-78-2595,Zack,Meris,Krienke,3385.74,554-949-5511,mkrienke4p@gizmodo.com,2006-03-03
657-41-4786,Job,Susana,Hallahan,4728.03,661-557-7805,shallahanfi@census.gov,2002-08-03
657-57-1478,Duffie,Lizzie,Anderson,3808.42,645-385-4620,landerson33@myspace.com,2001-08-05
662-35-5009,Tory,Guido,Limpkin,2482.22,919-718-2637,glimpkin36@trellian.com,2001-05-12
665-65-5430,Yasmin,Cletus,Troak,2325.54,107-964-9645,ctroak6o@samsung.com,2002-02-28
667-61-6746,Dino,Amberly,Broadhurst,1487.11,406-675-7817,abroadhurstch@woothemes.com,2003-01-25
667-71-4125,Farrell,Estella,Burgwyn,4701.51,568-843-3433,eburgwyne5@flavors.me,2006-03-21
675-56-3815,Jamal,Herminia,Bollom,2107.53,211-458-1521,hbollomdq@gmpg.org,2005-03-26
676-05-7603,Philip,Tammie,Beggs,2873.97,755-864-4283,tbeggs5v@bigcartel.com,2003-11-02
680-04-2401,Barbara-anne,Roxanne,Slateford,4226.33,205-293-2717,rslateford67@amazon.co.uk,2000-05-01
685-37-2552,Bordie,Theressa,Lorraine,2488.1,158-321-0870,tlorraineiv@cargocollective.com,2001-12-27
686-44-8540,Judon,Ingunna,Howling,1378.85,282-324-7939,ihowling3y@ovh.net,2001-10-01
686-97-9518,Dode,Alie,Gammett,3154.68,158-117-2904,agammett4o@skype.com,2002-07-07
688-15-2963,Rickie,Richard,Sowrah,4945.8,791-501-2456,rsowrahd1@g.co,2005-09-11
688-50-3262,Michell,Frederique,Dorrian,4683.86,670-828-2544,fdorriancs@networksolutions.com,2002-12-26
689-31-5116,Ina,Velvet,Swindles,3562.84,393-584-3199,vswindles8u@arstechnica.com,2005-05-13
693-35-1462,Charisse,Dawn,Bonallick,2177.01,133-732-8611,dbonallickd0@home.pl,2006-01-01
693-48-6825,Kerri,Burgess,Freeborne,1905.5,146-679-9304,bfreeborneat@constantcontact.com,2002-04-30
696-93-6345,Ashley,Mick,Juliff,1076.5,427-598-1081,mjulifffn@google.com.au,2003-02-15
699-58-0272,Joya,Sawyer,Tomaini,851.59,273-273-2281,stomainigw@reddit.com,2005-05-31
701-72-0036,Marika,Karrie,Antos,4741.98,106-907-7469,kantos44@alibaba.com,2003-10-13
702-23-7998,Reeva,Kaila,Leehane,1780.38,500-905-6400,kleehane8a@opensource.org,2006-02-12
702-79-1906,Ailee,Rickey,Strowther,1348.75,368-923-2147,rstrowther5y@theguardian.com,2002-06-17
703-15-6134,Felice,Reta,Scollick,4261.13,863-365-9962,rscollickbz@shareasale.com,2006-08-21
703-42-8526,Tobi,Ariadne,Risborough,1600.77,587-129-0983,arisborough2f@bloglovin.com,2004-05-25
704-32-5772,Agnella,Mayor,Sizzey,1134.99,101-506-8207,msizzey8f@answers.com,2003-12-28
705-38-9131,Nicolle,Hatty,Chalker,1818.25,462-965-2059,hchalker7e@stanford.edu,2001-07-05
707-07-9693,Yurik,Jarrid,Fiddeman,4274.54,614-446-6788,jfiddemanfu@slashdot.org,2004-06-07
709-41-3089,Ross,Jacklyn,Setterington,2028.55,405-158-3263,jsetteringtoni9@wordpress.com,2001-09-29
710-64-4013,Chevalier,Page,Vescovini,491.75,523-289-0659,pvescovini2s@google.com.hk,2001-05-31
710-79-5883,Fanchon,Tersina,Colicot,3384.25,149-301-8561,tcolicotja@last.fm,2005-11-13
711-34-9729,Waly,Heidie,Hazelden,658.31,774-213-0981,hhazeldena1@cbslocal.com,2004-07-11
712-65-3416,Marylynne,Francklin,Harrington,542.33,245-730-9214,fharringtonen@liveinternet.ru,2002-10-15
721-75-6812,Deedee,Maggi,Shortall,470.84,402-966-4009,mshortall5e@uiuc.edu,2004-03-07
721-99-8871,Kimberlyn,Cindra,Giscken,4560.4,563-184-0820,cgiscken5c@usatoday.com,2003-06-13
724-85-8958,Morgun,Nevile,Liffey,590.39,850-627-0610,nliffey2w@github.io,2005-01-02
731-77-4717,Enrico,Minta,Saket,2795.2,732-379-7151,msaketfq@huffingtonpost.com,2005-01-08
732-14-4845,Brendin,Mufi,Thormann,3069.23,272-625-8496,mthormannih@ox.ac.uk,2003-02-25
732-54-0017,Nara,Dara,Fowley,520.75,591-229-8237,dfowleyg7@booking.com,2002-11-05
732-57-5897,Kristos,Eldon,Duffyn,1026.04,921-345-8825,eduffyn5b@paginegialle.it,2000-02-17
734-78-0643,Alanah,Kaylee,Robb,2902.49,305-533-4004,krobbgr@squarespace.com,2003-11-04
739-01-3030,Britte,Ludvig,Jailler,3151.9,896-520-1986,ljailler86@godaddy.com,2004-09-04
745-24-4142,Henrietta,Beatriz,Habert,4062.43,940-135-9461,bhabert1j@jimdo.com,2002-03-16
757-29-4245,Lemmie,Sylvester,Gauche,1538.44,330-633-7114,sgauchea4@g.co,2005-09-15
760-22-6781,Horatius,Hermon,Portwain,1721.63,139-951-7043,hportwain8g@w3.org,2003-04-02
762-80-2429,Harlin,Mick,Schankelborg,419.39,855-700-3167,mschankelborgp@wp.com,2003-09-22
769-94-0558,Andy,Bancroft,Gaskell,1324.33,714-633-0550,bgaskellfz@sciencedaily.com,2002-06-24
770-61-6982,Joceline,Prue,Chinnick,4473.72,742-965-5936,pchinnickdb@technorati.com,2005-12-01
773-07-0057,Sven,Elfie,Kingdon,1213.42,290-186-8716,ekingdon1w@i2i.jp,2006-10-31
773-12-9021,Cari,Phyllida,Camier,1690.12,993-320-4947,pcamierh2@elegantthemes.com,2000-02-05
775-45-7616,Onfroi,Paddie,Schoales,1534.4,851-783-4468,pschoales3l@360.cn,2005-06-24
776-69-6286,Charles,Selina,Elizabeth,1608.58,422-929-2821,selizabethr@xinhuanet.com,2001-10-11
780-30-9027,Kath,Frasier,Killford,4554.2,322-915-2896,fkillford9g@flavors.me,2001-11-17
786-43-5015,Chiquita,Jerrilyn,Burn,2823.56,678-170-2352,jburn88@harvard.edu,2001-06-10
788-96-2467,Laird,Flo,Tewkesberry,2111.38,106-445-6832,ftewkesberryj@amazonaws.com,2002-08-29
789-46-4084,Ezechiel,Gillan,Cluse,596.6,535-451-0041,gcluse39@admin.ch,2006-07-27
793-07-2522,Roselia,Theo,Cummings,825.56,890-403-3828,tcummingsg3@marketwatch.com,2004-04-25
793-80-5563,Ivan,Sigmund,Westwick,4422.5,314-915-1628,swestwickh@issuu.com,2003-08-27
796-46-6787,Weylin,Osbert,Sindell,3477.41,702-950-1560,osindellho@accuweather.com,2000-09-24
813-14-4073,Liuka,Stavros,Pohl,715.58,470-324-8892,spohl6j@mapy.cz,2005-01-29
817-18-2443,Deeyn,Borg,Cornilli,4532.86,286-742-7518,bcornilli1m@cmu.edu,2003-08-08
819-67-9417,Cheston,Pamelina,Dowdney,1636.34,662-604-1560,pdowdneyjd@youku.com,2003-09-29
820-85-9043,Charmion,Michaela,Scardifield,578.2,549-369-1168,mscardifieldis@abc.net.au,2006-12-20
823-88-9316,Kitti,Micaela,Moult,1109,299-233-9798,mmoult64@de.vu,2005-12-13
824-97-8905,Cos,Alaric,Brainsby,3889.45,623-475-4145,abrainsbyhv@mysql.com,2005-08-22
825-77-4688,Mareah,William,Theriot,4179.88,564-951-7066,wtheriotax@pbs.org,2005-07-28
828-09-5103,Adelice,Jaquenette,Howford,2567.94,458-616-2126,jhowfordau@icq.com,2001-02-09
832-58-5280,Lionello,Lemuel,Gribbon,2279.48,215-295-4975,lgribbon7l@reverbnation.com,2005-04-15
833-51-0958,Marcella,Issi,Whittam,4358.81,222-456-9764,iwhittam41@booking.com,2006-04-28
837-13-5878,Abagael,Denis,Ladbury,1968.02,507-517-3028,dladbury7g@earthlink.net,2000-11-04
839-50-3708,Xylina,Angel,Ivanishev,515.56,799-737-3388,aivanishevj4@icio.us,2003-05-31
841-63-4177,Orbadiah,Loreen,Palomba,2419.65,931-542-9023,lpalombacm@networkadvertising.org,2005-06-25
842-13-1982,Shurwood,Don,Baitey,4152.54,283-997-8316,dbaiteydn@sciencedaily.com,2001-04-03
844-99-1442,Sigismundo,Malinda,Grimditch,4900.81,111-442-7907,mgrimditch8d@phoca.cz,2005-08-22
845-45-4304,Deeyn,Gaelan,Adamovicz,1091.36,770-313-5672,gadamoviczb1@bravesites.com,2002-07-19
848-66-3671,Renate,Wilton,Bolley,1909.49,912-509-1440,wbolley45@rediff.com,2001-12-13
849-19-8483,Rab,Noby,Moorcroft,2215.93,499-828-7669,nmoorcroft80@independent.co.uk,2005-09-06
849-64-2215,Danyette,Davie,Kindon,1381.65,843-359-8652,dkindonj2@wikia.com,2003-07-26
861-42-0896,Cyndia,Dulcia,Moncey,1972.6,898-330-9841,dmonceyie@hibu.com,2000-04-14
861-72-5459,Stavros,Friedrich,Roskrug,2432.13,681-676-4081,froskrugdc@seesaa.net,2005-02-27
864-11-8076,Tobin,Alta,Angliss,3038,245-475-5765,aangliss94@berkeley.edu,2003-08-08
869-41-3920,Edin,Carla,Halahan,4115.3,684-552-0086,chalahana9@amazon.de,2005-07-20
875-86-8270,Cecile,Berna,Alabastar,2930.28,936-484-2665,balabastar9o@msn.com,2003-12-31
876-09-7801,Othella,Hendrik,Duffrie,3977.79,455-353-5316,hduffriege@twitpic.com,2003-07-26
881-63-1048,Mellicent,Dimitry,Jurca,1246.03,482-410-9266,djurcabh@exblog.jp,2002-05-05
882-59-5772,Mellie,Portie,Rowes,2368.05,614-164-1991,prowesbe@berkeley.edu,2000-06-11
883-39-8407,Alameda,Peggie,Matys,3920.23,524-683-8777,pmatysbp@reverbnation.com,2003-03-26
883-43-6915,Murielle,Jaquith,Broszkiewicz,2695.71,838-680-4087,jbroszkiewiczhh@intel.com,2004-05-04
885-50-6569,Sebastian,Daryn,Shernock,1804.22,835-958-6059,dshernock7x@hatena.ne.jp,2002-04-01
889-31-6514,Bryon,Guy,Goodlife,4613.97,882-958-1928,ggoodlife2h@so-net.ne.jp,2005-05-27
892-10-4528,Raimundo,Shanda,Bruinemann,4589.86,189-933-2443,sbruinemann48@weebly.com,2001-10-27
898-88-9656,Nathanial,Nahum,Fancet,1015.77,990-618-1130,nfancet6e@eepurl.com,2002-11-27
,,,,,,,2001-07-05
,,,,,,,2006-01-20
,,,,,,,2006-07-07
,,,,,,,2003-08-24
,,,,,,,2000-08-23
,,,,,,,2003-04-05
,,,,,,,2002-02-08
,,,,,,,2003-09-04
,,,,,,,2005-02-19
,,,,,,,2006-03-17
,,,,,,,2000-03-15
,,,,,,,2003-07-21
,,,,,,,2006-08-18
,,,,,,,2004-05-24
,,,,,,,2001-10-15
,,,,,,,2001-10-30
,,,,,,,2003-01-16
,,,,,,,2004-05-19
,,,,,,,2000-02-07
,,,,,,,2003-12-28
,,,,,,,2000-06-01
,,,,,,,2006-06-10
,,,,,,,2005-01-20
,,,,,,,2005-06-07
,,,,,,,2002-03-15
,,,,,,,2006-06-22
,,,,,,,2004-04-07
,,,,,,,2002-02-06
,,,,,,,2004-11-05
,,,,,,,2000-01-04
,,,,,,,2000-02-05
,,,,,,,2001-01-08
,,,,,,,2006-05-31
,,,,,,,2004-04-27
,,,,,,,2000-02-04
,,,,,,,2002-08-22
,,,,,,,2004-01-17
,,,,,,,2003-01-20
,,,,,,,2006-02-13
,,,,,,,2001-06-25
,,,,,,,2003-10-27
,,,,,,,2004-04-15
,,,,,,,2001-08-26
,,,,,,,2005-01-31
,,,,,,,2005-12-25
,,,,,,,2001-04-28
,,,,,,,2004-07-09
,,,,,,,2006-11-28
,,,,,,,2001-08-22
,,,,,,,2002-10-28
,,,,,,,2005-05-18
,,,,,,,2004-09-11
,,,,,,,2006-06-27
,,,,,,,2001-01-29
,,,,,,,2001-11-25
,,,,,,,2003-11-13
,,,,,,,2001-03-01
,,,,,,,2002-06-06
,,,,,,,2004-08-24
,,,,,,,2001-01-05
,,,,,,,2001-11-03
,,,,,,,2005-09-08
,,,,,,,2001-10-31
,,,,,,,2001-12-08
,,,,,,,2003-05-23
,,,,,,,2000-12-18
,,,,,,,2002-02-25
,,,,,,,2004-04-08
,,,,,,,2005-01-19
,,,,,,,2000-04-23
,,,,,,,2002-02-15
,,,,,,,2001-06-11
,,,,,,,2000-05-27
,,,,,,,2005-01-11
,,,,,,,2004-06-06
,,,,,,,2004-01-14
,,,,,,,2004-12-05
,,,,,,,2004-12-07
,,,,,,,2000-12-08
,,,,,,,2000-09-02
,,,,,,,2004-09-05
,,,,,,,2005-01-11
,,,,,,,2004-06-29
,,,,,,,2004-06-12
,,,,,,,2004-06-17
,,,,,,,2003-03-25
,,,,,,,2002-10-27
,,,,,,,2002-07-26
,,,,,,,2002-05-04
,,,,,,,2003-02-25
,,,,,,,2002-03-19
,,,,,,,2004-11-29
,,,,,,,2005-12-11
,,,,,,,2003-12-24
,,,,,,,2005-04-02
,,,,,,,2006-02-27
,,,,,,,2001-05-29
,,,,,,,2006-05-23
,,,,,,,2004-12-15
,,,,,,,2002-10-04
,,,,,,,2003-02-03
,,,,,,,2000-10-22
,,,,,,,2006-05-24
,,,,,,,2000-04-21
,,,,,,,2002-11-01
,,,,,,,2003-10-16
,,,,,,,2003-05-31
,,,,,,,2006-06-20
,,,,,,,2006-05-19
,,,,,,,2000-06-26
,,,,,,,2006-02-07
,,,,,,,2004-05-01
,,,,,,,2000-01-30
,,,,,,,2006-12-07
,,,,,,,2001-04-10
,,,,,,,2006-09-28
,,,,,,,2002-06-21
,,,,,,,2006-11-07
,,,,,,,2000-12-10
,,,,,,,2005-02-23
,,,,,,,2001-08-07
,,,,,,,2005-05-10
,,,,,,,2003-03-02
,,,,,,,2000-05-21
,,,,,,,2006-10-24
,,,,,,,2000-10-20
,,,,,,,2006-07-01
,,,,,,,2006-08-28
,,,,,,,2001-01-21
,,,,,,,2002-03-02
,,,,,,,2001-12-19
,,,,,,,2003-08-23
,,,,,,,2006-12-09
,,,,,,,2001-01-19
,,,,,,,2002-11-26
,,,,,,,2002-05-08
,,,,,,,2002-03-03
,,,,,,,2001-02-07
,,,,,,,2004-04-10
,,,,,,,2000-11-05
,,,,,,,2000-12-15
,,,,,,,2004-11-25
,,,,,,,2006-01-02
,,,,,,,2004-10-12
,,,,,,,2000-05-07
,,,,,,,2001-07-23
,,,,,,,2005-01-21
,,,,,,,2000-07-03
,,,,,,,2001-02-26
,,,,,,,2005-03-15
,,,,,,,2006-01-08
,,,,,,,2005-09-25
,,,,,,,2001-11-06
,,,,,,,2006-10-27
,,,,,,,2002-11-18
,,,,,,,2006-03-15
,,,,,,,2005-04-14
,,,,,,,2002-07-28
,,,,,,,2000-07-24
,,,,,,,2000-11-08
,,,,,,,2000-09-21
,,,,,,,2001-09-08
,,,,,,,2001-05-03
,,,,,,,2005-08-14
,,,,,,,2001-09-04
,,,,,,,1999-12-31
,,,,,,,2000-05-08
,,,,,,,2005-04-05
,,,,,,,2001-02-09
,,,,,,,2006-05-11
,,,,,,,2005-05-22
,,,,,,,2004-08-11
,,,,,,,2002-09-02
,,,,,,,2006-10-10
,,,,,,,2004-08-08
,,,,,,,2005-02-17
,,,,,,,2005-04-21
,,,,,,,2001-03-17
,,,,,,,2006-11-20
,,,,,,,2000-06-07
,,,,,,,2006-12-02
,,,,,,,2003-09-29
,,,,,,,2006-01-01
,,,,,,,2002-01-17
,,,,,,,2001-01-18
,,,,,,,2003-09-19
,,,,,,,2001-07-12
,,,,,,,2005-09-09
,,,,,,,2001-01-12
,,,,,,,2006-07-27
,,,,,,,2002-09-16
,,,,,,,2004-11-13
,,,,,,,2001-04-11
,,,,,,,2002-02-05
,,,,,,,2005-10-13
,,,,,,,2004-04-03
,,,,,,,2003-03-24
,,,,,,,2005-11-13
,,,,,,,2004-08-20
,,,,,,,2006-08-04
,,,,,,,2000-12-18
,,,,,,,2000-02-08
,,,,,,,2005-01-20
,,,,,,,2002-02-10
,,,,,,,2003-03-11
,,,,,,,2004-09-05
,,,,,,,2003-11-14
,,,,,,,2001-04-10
,,,,,,,2005-04-23
,,,,,,,2004-02-13
,,,,,,,2005-03-12
,,,,,,,2005-09-23
,,,,,,,2006-04-23
,,,,,,,2004-02-05
,,,,,,,2000-08-23
,,,,,,,2005-05-15
,,,,,,,2005-06-01
,,,,,,,2002-05-11
,,,,,,,2000-10-20
,,,,,,,2000-09-09
,,,,,,,2002-10-16
,,,,,,,2004-11-06
,,,,,,,2001-05-18
,,,,,,,2001-07-27
,,,,,,,2003-02-04
,,,,,,,2004-01-10
,,,,,,,2004-10-07
,,,,,,,2005-05-08
,,,,,,,2003-04-18
,,,,,,,2000-09-17
,,,,,,,2003-06-12
,,,,,,,2005-08-24
,,,,,,,2003-12-06
,,,,,,,2006-09-08
,,,,,,,2000-06-09
,,,,,,,2000-01-28
,,,,,,,2005-07-02
,,,,,,,2002-05-15
,,,,,,,2001-04-18
,,,,,,,2000-06-09
,,,,,,,2003-04-29
,,,,,,,2005-03-13
,,,,,,,2001-12-17
,,,,,,,2004-05-02
,,,,,,,2006-07-04
,,,,,,,2001-05-26
,,,,,,,2004-09-14
,,,,,,,2000-07-30
,,,,,,,2001-08-31
,,,,,,,2006-08-29
,,,,,,,2004-08-21
,,,,,,,2001-01-30
,,,,,,,2005-08-02
,,,,,,,2005-01-09
,,,,,,,2002-06-02
,,,,,,,2005-02-22
,,,,,,,2004-01-25
,,,,,,,2006-04-15
,,,,,,,2001-05-15
,,,,,,,2002-05-10
,,,,,,,2004-06-23
,,,,,,,2001-12-26
,,,,,,,2004-12-22
,,,,,,,2005-04-12
,,,,,,,2005-04-02
,,,,,,,2004-12-04
,,,,,,,2000-07-20
,,,,,,,2002-07-23
,,,,,,,2005-01-13
,,,,,,,2003-04-14
,,,,,,,2004-04-20
,,,,,,,2001-09-12
,,,,,,,2000-08-04
,,,,,,,2003-02-02
,,,,,,,2000-06-20
,,,,,,,2006-10-10
,,,,,,,2001-08-08
,,,,,,,2006-10-04
,,,,,,,2000-11-18
,,,,,,,2004-10-15
,,,,,,,2006-04-29
,,,,,,,2006-12-18
,,,,,,,2003-10-16
,,,,,,,2001-11-18
,,,,,,,2005-07-15
,,,,,,,2003-02-07
,,,,,,,2004-11-28
,,,,,,,2001-04-02
,,,,,,,2003-03-10
,,,,,,,2006-07-10
,,,,,,,2005-10-31
,,,,,,,2003-01-11
,,,,,,,2006-06-07
,,,,,,,2004-10-21
,,,,,,,2006-09-02
,,,,,,,2002-12-17
,,,,,,,2004-07-28
,,,,,,,2003-07-02
,,,,,,,2000-10-20
,,,,,,,2004-05-22
,,,,,,,2003-12-11
,,,,,,,2003-02-02
,,,,,,,2005-07-15
,,,,,,,2000-10-05
,,,,,,,2001-05-13
,,,,,,,2006-08-14
,,,,,,,2004-11-08
,,,,,,,2003-06-01
,,,,,,,2003-09-13
,,,,,,,2006-06-08
,,,,,,,2003-01-09
,,,,,,,2006-07-20
,,,,,,,2004-08-03
,,,,,,,2001-09-07
,,,,,,,2004-06-06
,,,,,,,2003-03-19
,,,,,,,2000-01-30
,,,,,,,2000-11-28
,,,,,,,2002-07-08
,,,,,,,2000-09-15
,,,,,,,2005-01-13
,,,,,,,2001-05-22
,,,,,,,2003-02-28
,,,,,,,2004-10-03
,,,,,,,2002-06-12
,,,,,,,2004-10-24
,,,,,,,2004-01-23
,,,,,,,2002-08-02
,,,,,,,2000-02-03
,,,,,,,2004-01-17
,,,,,,,2001-09-27
,,,,,,,2006-12-03
,,,,,,,2003-02-04
,,,,,,,2005-03-29
,,,,,,,2001-03-12
,,,,,,,2004-06-25
,,,,,,,2002-09-26
,,,,,,,2002-09-12
,,,,,,,2003-04-12
,,,,,,,2000-03-01
,,,,,,,2004-03-16
,,,,,,,2002-11-28
,,,,,,,2000-11-02
,,,,,,,2006-05-07
,,,,,,,2002-12-01
,,,,,,,2005-02-23
,,,,,,,2001-11-02
,,,,,,,2004-07-31
,,,,,,,2000-06-05
,,,,,,,2004-10-01
,,,,,,,2002-08-23
,,,,,,,2002-08-06
,,,,,,,2003-09-29
,,,,,,,2001-03-20
,,,,,,,2000-11-18
,,,,,,,2003-09-06
,,,,,,,2002-09-24
,,,,,,,2006-05-23
,,,,,,,2001-07-20
,,,,,,,2006-08-14
,,,,,,,2003-03-02
,,,,,,,2004-08-03
,,,,,,,2004-11-04
,,,,,,,2006-10-26
,,,,,,,2006-07-24
,,,,,,,2005-02-23
,,,,,,,2002-04-08
,,,,,,,2001-12-16
,,,,,,,2003-01-14
,,,,,,,2003-06-16
,,,,,,,2001-12-14
,,,,,,,2000-06-18
,,,,,,,2002-07-20
,,,,,,,2006-10-12
,,,,,,,2003-06-21
,,,,,,,2002-09-14
,,,,,,,2004-11-05
,,,,,,,2005-01-02
,,,,,,,2006-11-07
,,,,,,,2006-05-23
,,,,,,,2004-10-15
,,,,,,,2006-10-10
,,,,,,,2001-01-13
,,,,,,,2000-10-01
,,,,,,,2001-03-24
,,,,,,,2001-12-30
,,,,,,,2005-04-29
,,,,,,,2000-04-29
,,,,,,,2001-02-04
,,,,,,,2004-04-29
,,,,,,,2000-02-16
,,,,,,,2003-04-28
,,,,,,,2000-08-16
,,,,,,,2001-07-31
,,,,,,,2004-02-28
,,,,,,,2000-01-31
,,,,,,,2005-03-19
,,,,,,,2000-09-23
,,,,,,,2003-03-16
,,,,,,,2003-07-13
,,,,,,,2005-01-03
,,,,,,,2001-07-12
,,,,,,,2006-02-17
,,,,,,,2006-09-27
,,,,,,,2006-12-02
,,,,,,,2002-04-16
,,,,,,,2000-01-28
,,,,,,,2000-03-21
,,,,,,,2005-04-25
,,,,,,,2002-04-13
,,,,,,,2001-06-02
,,,,,,,2002-07-14
,,,,,,,2002-06-04
,,,,,,,2005-09-10
,,,,,,,2003-01-30
,,,,,,,2004-02-27
,,,,,,,2004-01-15
,,,,,,,2001-12-14
,,,,,,,2000-03-02
,,,,,,,2001-12-20
,,,,,,,2005-02-14
,,,,,,,2001-04-22
,,,,,,,2006-06-03
,,,,,,,2006-10-10
,,,,,,,2002-07-23
,,,,,,,2005-03-01
,,,,,,,2003-07-25
,,,,,,,2000-01-19
,,,,,,,2006-04-23
,,,,,,,2001-05-30
,,,,,,,2003-06-16
,,,,,,,2004-05-12
,,,,,,,2000-05-08
,,,,,,,2001-04-06
,,,,,,,2000-10-05
,,,,,,,2004-12-22
,,,,,,,2000-10-01
,,,,,,,2004-07-31
,,,,,,,2001-06-09
,,,,,,,2000-12-19
,,,,,,,2004-07-09
,,,,,,,2000-06-11
,,,,,,,2002-08-13
,,,,,,,2001-08-01
,,,,,,,2005-06-14
,,,,,,,2001-06-05
,,,,,,,2003-04-07
,,,,,,,2003-06-12
,,,,,,,2004-02-10
,,,,,,,2005-11-17
,,,,,,,2006-10-15
,,,,,,,2003-11-25
,,,,,,,2001-10-18
,,,,,,,2000-02-11
,,,,,,,2003-09-27
,,,,,,,2002-03-27
,,,,,,,2003-12-26
,,,,,,,2003-09-30
,,,,,,,2000-12-25
,,,,,,,2001-09-26
,,,,,,,2001-07-25
,,,,,,,2005-01-24
,,,,,,,2001-11-10
,,,,,,,2006-02-03
,,,,,,,2000-05-09
,,,,,,,2005-09-16
,,,,,,,2000-10-12
,,,,,,,2001-10-23
,,,,,,,2005-08-31
,,,,,,,2006-04-24
,,,,,,,2005-10-30
,,,,,,,2005-07-14
,,,,,,,2004-01-18
,,,,,,,2001-11-28
,,,,,,,2000-04-24
,,,,,,,2002-06-02
,,,,,,,2003-03-30
,,,,,,,2003-08-18
,,,,,,,2003-09-22
,,,,,,,2003-02-04
,,,,,,,2006-05-04
,,,,,,,2006-05-12
,,,,,,,2004-02-10
,,,,,,,2001-02-22
,,,,,,,2001-06-15
,,,,,,,2000-02-13
,,,,,,,2005-05-14
,,,,,,,2004-11-09
,,,,,,,2002-08-03
,,,,,,,2001-11-01
,,,,,,,2005-08-25
,,,,,,,2000-07-14
,,,,,,,2001-10-10
,,,,,,,2004-04-20
,,,,,,,2004-01-03
,,,,,,,2000-05-14
,,,,,,,2002-09-19
,,,,,,,2005-06-20
,,,,,,,2006-10-31
,,,,,,,2006-01-21
,,,,,,,2006-02-02
,,,,,,,2004-08-25
,,,,,,,2003-02-24
,,,,,,,2003-03-20
,,,,,,,2004-08-03
,,,,,,,2006-10-29
,,,,,,,2006-07-26
,,,,,,,2000-04-27
,,,,,,,2005-07-13
,,,,,,,2006-11-09
,,,,,,,2005-10-03
,,,,,,,2005-07-17
,,,,,,,2003-04-07
,,,,,,,2002-02-14
,,,,,,,2005-11-12
,,,,,,,2006-03-31
,,,,,,,2003-08-17
,,,,,,,2006-08-06
,,,,,,,2005-03-04
,,,,,,,2000-04-03
,,,,,,,2005-03-12
,,,,,,,2006-12-09
,,,,,,,2003-12-26
,,,,,,,2001-11-11
,,,,,,,2000-10-31
,,,,,,,2000-04-10
,,,,,,,2000-10-03
,,,,,,,2005-05-23
,,,,,,,2006-05-18
,,,,,,,2004-09-21
,,,,,,,2002-04-14
,,,,,,,2006-01-14
,,,,,,,2004-01-09
,,,,,,,2003-07-28
,,,,,,,2001-11-01
,,,,,,,2006-04-04
,,,,,,,2000-07-21
,,,,,,,2002-09-11
,,,,,,,2001-01-15
,,,,,,,2002-02-16
,,,,,,,2000-06-26
,,,,,,,2005-12-26
,,,,,,,2006-05-07
,,,,,,,2004-06-17
,,,,,,,2004-07-23
,,,,,,,2006-01-11
,,,,,,,2002-10-30
,,,,,,,2003-04-27
,,,,,,,2005-02-21
,,,,,,,2004-03-21
,,,,,,,2005-10-29
,,,,,,,2002-04-14
,,,,,,,2000-01-25
,,,,,,,2003-01-07
,,,,,,,2001-07-16
,,,,,,,2002-07-30
,,,,,,,2005-05-15
,,,,,,,2005-10-15
,,,,,,,2000-10-04
,,,,,,,2006-09-29
,,,,,,,2000-06-08
,,,,,,,2003-03-21
,,,,,,,2003-12-12
,,,,,,,2006-03-16
,,,,,,,2002-10-30
,,,,,,,2005-05-07
,,,,,,,2005-07-26
,,,,,,,2006-06-17
,,,,,,,2000-04-08
,,,,,,,2006-05-25
,,,,,,,2001-09-29
,,,,,,,2005-01-18
,,,,,,,2003-08-28
,,,,,,,2005-05-22
,,,,,,,2002-11-23
,,,,,,,2005-07-03
,,,,,,,2002-03-06
,,,,,,,2005-04-23
,,,,,,,2004-12-30
,,,,,,,2006-02-08
,,,,,,,2003-05-20
,,,,,,,2004-04-28
,,,,,,,2004-07-21
,,,,,,,2002-06-23
,,,,,,,2005-09-08
,,,,,,,2002-07-04
,,,,,,,2001-03-23
,,,,,,,2005-05-30
,,,,,,,2004-01-21
,,,,,,,2006-09-03
,,,,,,,2002-03-30
,,,,,,,2002-09-28
,,,,,,,2000-08-09
,,,,,,,2003-04-11
,,,,,,,2006-07-17
,,,,,,,2002-09-08
,,,,,,,2005-09-05
,,,,,,,2001-07-13
,,,,,,,2003-01-06
,,,,,,,2000-12-28
,,,,,,,2003-08-22
,,,,,,,2000-01-31
,,,,,,,2005-03-21
,,,,,,,2002-05-29
,,,,,,,2004-03-29
,,,,,,,2003-05-03
,,,,,,,2006-12-18
,,,,,,,2003-05-27
,,,,,,,2000-07-06
,,,,,,,2000-11-14
,,,,,,,2002-06-07
,,,,,,,2001-12-19
,,,,,,,2006-08-14
,,,,,,,2006-04-25
,,,,,,,2006-07-08
,,,,,,,2002-10-02
,,,,,,,2006-05-23
,,,,,,,2005-10-31
,,,,,,,2000-12-19
,,,,,,,2006-08-01
,,,,,,,2000-11-27
,,,,,,,2003-12-02
,,,,,,,2004-04-12
,,,,,,,2000-09-22
,,,,,,,2004-03-22
,,,,,,,2006-05-13
,,,,,,,2005-07-25
,,,,,,,2001-05-02
,,,,,,,2004-09-15
,,,,,,,2005-11-15
,,,,,,,2003-08-05
,,,,,,,2000-12-04
,,,,,,,2000-02-23
,,,,,,,2000-08-17
,,,,,,,2003-07-13
,,,,,,,2005-12-18
,,,,,,,2006-01-12
,,,,,,,2001-08-25
,,,,,,,2006-09-14
,,,,,,,2001-08-31
,,,,,,,2006-09-26
,,,,,,,2005-08-21
,,,,,,,2004-05-29
,,,,,,,2005-04-21
,,,,,,,2004-05-15
,,,,,,,2006-01-12
,,,,,,,2002-07-21
,,,,,,,2006-11-13
,,,,,,,2002-05-30
,,,,,,,2002-08-27
,,,,,,,2006-03-09
,,,,,,,2006-11-24
,,,,,,,2004-01-15
,,,,,,,2006-04-18
,,,,,,,2005-10-10
,,,,,,,2000-02-08
,,,,,,,2002-06-25
,,,,,,,2006-05-27
,,,,,,,2003-08-02
,,,,,,,2004-09-10
,,,,,,,2003-05-28
,,,,,,,2000-10-22
,,,,,,,2004-11-07
,,,,,,,2000-09-10
,,,,,,,2006-04-15
,,,,,,,2005-09-22
,,,,,,,2004-06-18
,,,,,,,2001-09-03
,,,,,,,2000-05-09
,,,,,,,2006-04-07
,,,,,,,2002-07-29
,,,,,,,2001-10-13
,,,,,,,2002-11-29
,,,,,,,2000-07-28
,,,,,,,2004-09-02
,,,,,,,2005-03-17
,,,,,,,2002-07-15
,,,,,,,2004-01-31
,,,,,,,2002-03-08
,,,,,,,2001-10-29
,,,,,,,2006-08-26
,,,,,,,2001-06-22
,,,,,,,2005-08-28
,,,,,,,2002-11-24
,,,,,,,2003-01-03
,,,,,,,2005-04-22
,,,,,,,2001-03-02
,,,,,,,2004-03-06
,,,,,,,2000-03-20
,,,,,,,2002-09-20
,,,,,,,2001-07-07
,,,,,,,2004-07-30
,,,,,,,2005-06-17
,,,,,,,2003-11-16
,,,,,,,2000-06-05
